Brands;Tag Level 1;Tag Level 2;Twitter;Instagram;Facebook;Pinterest;G +;Youtube;Tumblr
1907;Tools & Accessories;Trends, Product Knowledge, Tools & Accessories;;;;;;;
12 Benefits;Hair;Trends, Product Knowledge, Haircolor, Hair Care, Cutting, Styling & Finish, Texture, Treatment;;;;;;;
Agadir;Hair;Trends, Product Knowledge, Haircolor, Hair Care, Cutting, Styling & Finish, Texture, Treatment;https://twitter.com/agadirint;https://instagram.com/agadirint/;https://www.facebook.com/AgadirInt;https://www.pinterest.com/agadirint/;https://plus.google.com/+Agadirint/posts;https://www.youtube.com/user/AgadirInt;http://agadirint.tumblr.com/
Allure;Tools & Accessories;Trends, Product Knowledge, Tools & Accessories;x;x;x;x;x;x;x
Alterna;Hair;Trends, Product Knowledge, Haircolor, Hair Care, Cutting, Styling & Finish, Texture, Treatment;https://twitter.com/alternahaircare;https://instagram.com/alternahaircare/;https://www.facebook.com/AlternaHaircare;https://www.pinterest.com/alternahaircare/;x;https://www.youtube.com/user/alternahaircare;x
Alterna;Men;Trends, Product Knowledge, Men;https://twitter.com/alternahaircare;https://instagram.com/alternahaircare/;https://www.facebook.com/AlternaHaircare;https://www.pinterest.com/alternahaircare/;x;https://www.youtube.com/user/alternahaircare;x
American Crew;Hair;Trends, Product Knowledge, Haircolor, Hair Care, Cutting, Styling & Finish, Texture, Treatment;;;;;;;
American Crew;Beauty;Trends, Product Knowledge, Makeup, Skincare, Waxing;;;;;;;
American Crew;Men;Trends, Product Knowledge, Men;;;;;;;
AminoGenesis;Beauty;Trends, Product Knowledge, Makeup, Skincare, Waxing;;;;;;;
Andis;Hair;Trends, Product Knowledge, Haircolor, Hair Care, Cutting, Styling & Finish, Texture, Treatment;;;;;;;
Andis;Tools & Accessories;Trends, Product Knowledge, Tools & Accessories;;;;;;;
Ardell;Beauty;Trends, Product Knowledge, Makeup, Skincare, Waxing;;;;;;;
Bang Bang;Beauty;Trends, Product Knowledge, Makeup, Skincare, Waxing;;;;;;;
Betty Dain;Hair;Trends, Product Knowledge, Haircolor, Hair Care, Cutting, Styling & Finish, Texture, Treatment;;;;;;;
Betty Dain;Beauty;Trends, Product Knowledge, Makeup, Skincare, Waxing;;;;;;;
Betty Dain;Tools & Accessories;Trends, Product Knowledge, Tools & Accessories;;;;;;;
Bioelements;Beauty;Trends, Product Knowledge, Makeup, Skincare, Waxing;;;;;;;
Bio Ionic;Hair;Trends, Product Knowledge, Haircolor, Hair Care, Cutting, Styling & Finish, Texture, Treatment;;;;;;;
Bio Ionic;Tools & Accessories;Trends, Product Knowledge, Tools & Accessories;;;;;;;
Body Drench;Beauty;Trends, Product Knowledge, Makeup, Skincare, Waxing;;;;;;;
Bosley;Hair;Trends, Product Knowledge, Haircolor, Hair Care, Cutting, Styling & Finish, Texture, Treatment;;;;;;;
Bosley;Men;Trends, Product Knowledge, Men;;;;;;;
Cerafill thinning hair solutions;Hair;Trends, Product Knowledge, Haircolor, Hair Care, Cutting, Styling & Finish, Texture, Treatment;;;;;;;
Chemco;Hair;Trends, Product Knowledge, Haircolor, Hair Care, Cutting, Styling & Finish, Texture, Treatment;;;;;;;
Chemco;Nails;Trends, Product Knowledge, Nails;;;;;;;
Chemco;Beauty;Trends, Product Knowledge, Makeup, Skincare, Waxing;;;;;;;
CINA;Nails;Trends, Product Knowledge, Nails;;;;;;;
Clairol;Hair;Trends, Product Knowledge, Haircolor, Hair Care, Cutting, Styling & Finish, Texture, Treatment;;;;;;;
Clairol;Tools & Accessories;Trends, Product Knowledge, Tools & Accessories;;;;;;;
Clinical Care Skin Solutions;Beauty;Trends, Product Knowledge, Makeup, Skincare, Waxing;;;;;;;
Clubman;Hair;Trends, Product Knowledge, Haircolor, Hair Care, Cutting, Styling & Finish, Texture, Treatment;;;;;;;
Clubman;Beauty;Trends, Product Knowledge, Makeup, Skincare, Waxing;;;;;;;
CND;Nails;Trends, Product Knowledge, Nails;;;;;;;
CND;Beauty;Trends, Product Knowledge, Makeup, Skincare, Waxing;;;;;;;
CND;Tools & Accessories;Trends, Product Knowledge, Tools & Accessories;;;;;;;
Colora;Tools & Accessories;Trends, Product Knowledge, Tools & Accessories;;;;;;;
Conair / BaBylissPRO;Tools & Accessories;Trends, Product Knowledge, Tools & Accessories;;;;;;;
Cricket;Beauty;Trends, Product Knowledge, Makeup, Skincare, Waxing;;;;;;;
Cricket;Tools & Accessories;Trends, Product Knowledge, Tools & Accessories;;;;;;;
Cuccio;Nails;Trends, Product Knowledge, Nails;;;;;;;
Cuccio;Beauty;Trends, Product Knowledge, Makeup, Skincare, Waxing;;;;;;;
DeMert;Nails;Trends, Product Knowledge, Nails;;;;;;;
Dennis Bernard;Hair;Trends, Product Knowledge, Haircolor, Hair Care, Cutting, Styling & Finish, Texture, Treatment;;;;;;;
Dennis Bernard;Beauty;Trends, Product Knowledge, Makeup, Skincare, Waxing;;;;;;;
DermOrganic;Hair;Trends, Product Knowledge, Haircolor, Hair Care, Cutting, Styling & Finish, Texture, Treatment;;;;;;;
DermOrganic;Beauty;Trends, Product Knowledge, Makeup, Skincare, Waxing;;;;;;;
Diane;Nails;Trends, Product Knowledge, Nails;;;;;;;
Diane;Beauty;Trends, Product Knowledge, Makeup, Skincare, Waxing;;;;;;;
Diane;Tools & Accessories;Trends, Product Knowledge, Tools & Accessories;;;;;;;
Dreamlook;Hair;Trends, Product Knowledge, Haircolor, Hair Care, Cutting, Styling & Finish, Texture, Treatment;;;;;;;
Dreamlook;Tools & Accessories;Trends, Product Knowledge, Tools & Accessories;;;;;;;
essie;Nails;Trends, Product Knowledge, Nails;https://twitter.com/essie;https://instagram.com/essiepolish/;https://www.facebook.com/Essie;https://www.pinterest.com/essiepolish/;x;https://www.youtube.com/user/essieUSA;http://essie.tumblr.com/
essie;Beauty;Trends, Product Knowledge, Makeup, Skincare, Waxing;https://twitter.com/essie;https://instagram.com/essiepolish/;https://www.facebook.com/Essie;https://www.pinterest.com/essiepolish/;x;https://www.youtube.com/user/essieUSA;http://essie.tumblr.com/
Fairy Tales;Hair;Trends, Product Knowledge, Haircolor, Hair Care, Cutting, Styling & Finish, Texture, Treatment;;;;;;;
Fairy Tales;Beauty;Trends, Product Knowledge, Makeup, Skincare, Waxing;;;;;;;
Fairy Tales;Tools & Accessories;Trends, Product Knowledge, Tools & Accessories;;;;;;;
Fake Bake;Beauty;Trends, Product Knowledge, Makeup, Skincare, Waxing;;;;;;;
Farouk;Hair;Trends, Product Knowledge, Haircolor, Hair Care, Cutting, Styling & Finish, Texture, Treatment;;;;;;;
Farouk;Tools & Accessories;Trends, Product Knowledge, Tools & Accessories;;;;;;;
FHI Heat;Tools & Accessories;Trends, Product Knowledge, Tools & Accessories;;;;;;;
Flowery;Nails;Trends, Product Knowledge, Nails;;;;;;;
Flowery;Tools & Accessories;Trends, Product Knowledge, Tools & Accessories;;;;;;;
Framesi;Hair;Trends, Product Knowledge, Haircolor, Hair Care, Cutting, Styling & Finish, Texture, Treatment;;;;;;;
Fromm;Nails;Trends, Product Knowledge, Nails;;;;;;;
Fromm;Beauty;Trends, Product Knowledge, Makeup, Skincare, Waxing;;;;;;;
Fromm;Tools & Accessories;Trends, Product Knowledge, Tools & Accessories;;;;;;;
Gena;Nails;Trends, Product Knowledge, Nails;;;;;;;
Gena;Beauty;Trends, Product Knowledge, Makeup, Skincare, Waxing;;;;;;;
Gena;Tools & Accessories;Trends, Product Knowledge, Tools & Accessories;;;;;;;
GiGi;Beauty;Trends, Product Knowledge, Makeup, Skincare, Waxing;;;;;;;
GiGi;Tools & Accessories;Trends, Product Knowledge, Tools & Accessories;;;;;;;
Graham Professional;Nails;Trends, Product Knowledge, Nails;;;;;;;
Graham Professional;Beauty;Trends, Product Knowledge, Makeup, Skincare, Waxing;;;;;;;
Graham Professional;Tools & Accessories;Trends, Product Knowledge, Tools & Accessories;;;;;;;
Hair Tool;Tools & Accessories;Trends, Product Knowledge, Tools & Accessories;;;;;;;
Hempz;Beauty;Trends, Product Knowledge, Makeup, Skincare, Waxing;;;;;;;
Hot Tools;Tools & Accessories;Trends, Product Knowledge, Tools & Accessories;;;;;;;
Intrinsics;Beauty;Trends, Product Knowledge, Makeup, Skincare, Waxing;;;;;;;
Intrinsics;Tools & Accessories;Trends, Product Knowledge, Tools & Accessories;;;;;;;
Jatai;Hair;Trends, Product Knowledge, Haircolor, Hair Care, Cutting, Styling & Finish, Texture, Treatment;;;;;;;
Jatai;Tools & Accessories;Trends, Product Knowledge, Tools & Accessories;;;;;;;
Joewell;Tools & Accessories;Trends, Product Knowledge, Tools & Accessories;;;;;;;
Joico;Hair;Trends, Product Knowledge, Haircolor, Hair Care, Cutting, Styling & Finish, Texture, Treatment;;;;;;;
Kenra Professional;Hair;Trends, Product Knowledge, Haircolor, Hair Care, Cutting, Styling & Finish, Texture, Treatment;;;;;;;
Kenra Professional;Tools & Accessories;Trends, Product Knowledge, Tools & Accessories;;;;;;;
King Research;Tools & Accessories;Trends, Product Knowledge, Tools & Accessories;;;;;;;
L'ANZA;Hair;Trends, Product Knowledge, Haircolor, Hair Care, Cutting, Styling & Finish, Texture, Treatment;;;;;;;
L'ANZA;Tools & Accessories;Trends, Product Knowledge, Tools & Accessories;;;;;;;
L'Oreal Professionnel;Hair;Trends, Product Knowledge, Haircolor, Hair Care, Cutting, Styling & Finish, Texture, Treatment;https://twitter.com/Loreal;https://instagram.com/lorealprous/;https://www.facebook.com/lorealprofessionnel.us;https://www.youtube.com/user/LOrealProUS;x;https://www.youtube.com/user/LOrealProUS;x
L'Oreal Professionnel;Tools & Accessories;Trends, Product Knowledge, Tools & Accessories;https://twitter.com/Loreal;https://instagram.com/lorealprous/;https://www.facebook.com/lorealprofessionnel.us;https://www.youtube.com/user/LOrealProUS;x;https://www.youtube.com/user/LOrealProUS;x
Malibu Wellness;Hair;Trends, Product Knowledge, Haircolor, Hair Care, Cutting, Styling & Finish, Texture, Treatment;;;;;;;
Malibu Wellness;Beauty;Trends, Product Knowledge, Makeup, Skincare, Waxing;;;;;;;
Malibu Wellness;Tools & Accessories;Trends, Product Knowledge, Tools & Accessories;;;;;;;
Matrix;Hair;Trends, Product Knowledge, Haircolor, Hair Care, Cutting, Styling & Finish, Texture, Treatment;https://twitter.com/matrixfamily/;https://instagram.com/matrix;https://www.facebook.com/MATRIX;https://www.pinterest.com/matrixfamily/;x;https://www.youtube.com/user/imagineallyoucanbe;x
Matrix;Tools & Accessories;Trends, Product Knowledge, Tools & Accessories;https://twitter.com/matrixfamily/;https://instagram.com/matrix;https://www.facebook.com/MATRIX;https://www.pinterest.com/matrixfamily/;x;https://www.youtube.com/user/imagineallyoucanbe;x
Medicool;Nails;Trends, Product Knowledge, Nails;;;;;;;
Medicool;Tools & Accessories;Trends, Product Knowledge, Tools & Accessories;;;;;;;
Mirabella;Beauty;Trends, Product Knowledge, Makeup, Skincare, Waxing;;;;;;;
Mirabella;Tools & Accessories;Trends, Product Knowledge, Tools & Accessories;;;;;;;
Mizani;Hair;Trends, Product Knowledge, Haircolor, Hair Care, Cutting, Styling & Finish, Texture, Treatment;https://twitter.com/MizaniUSA;https://instagram.com/mizaniusa/;https://www.facebook.com/Mizaniusa;;x;https://www.youtube.com/user/MIZANIUSA;x
Mizani;Tools & Accessories;Trends, Product Knowledge, Tools & Accessories;https://twitter.com/MizaniUSA;https://instagram.com/mizaniusa/;https://www.facebook.com/Mizaniusa;;x;https://www.youtube.com/user/MIZANIUSA;x
Moroccanoil;Hair;Trends, Product Knowledge, Haircolor, Hair Care, Cutting, Styling & Finish, Texture, Treatment;;;;;;;
Moroccanoil;Tools & Accessories;Trends, Product Knowledge, Tools & Accessories;;;;;;;
Nail Tek;Nails;Trends, Product Knowledge, Nails;;;;;;;
Nail Tek;Tools & Accessories;Trends, Product Knowledge, Tools & Accessories;;;;;;;
Nature's Therapy;Hair;Trends, Product Knowledge, Haircolor, Hair Care, Cutting, Styling & Finish, Texture, Treatment;;;;;;;
Nioxin;Hair;Trends, Product Knowledge, Haircolor, Hair Care, Cutting, Styling & Finish, Texture, Treatment;;;;;;;
Norvell;Beauty;Trends, Product Knowledge, Makeup, Skincare, Waxing;;;;;;;
Olaplex;Hair;Trends, Product Knowledge, Haircolor, Hair Care, Cutting, Styling & Finish, Texture, Treatment;;;;;;;
Olivia Garden;Tools & Accessories;Trends, Product Knowledge, Tools & Accessories;;;;;;;
OPI;Nails;Trends, Product Knowledge, Nails;;;;;;;
OPI;Beauty;Trends, Product Knowledge, Makeup, Skincare, Waxing;;;;;;;
OPI;Tools & Accessories;Trends, Product Knowledge, Tools & Accessories;;;;;;;
Oster;Tools & Accessories;Trends, Product Knowledge, Tools & Accessories;;;;;;;
Performance Brands;Beauty;Trends, Product Knowledge, Makeup, Skincare, Waxing;;;;;;;
Personna;Tools & Accessories;Trends, Product Knowledge, Tools & Accessories;;;;;;;
Pink Pewter;Beauty;Trends, Product Knowledge, Makeup, Skincare, Waxing;;;;;;;
Pravana;Hair;Trends, Product Knowledge, Haircolor, Hair Care, Cutting, Styling & Finish, Texture, Treatment;;;;;;;
Pravana;Tools & Accessories;Trends, Product Knowledge, Tools & Accessories;;;;;;;
Product Club;Tools & Accessories;Trends, Product Knowledge, Tools & Accessories;;;;;;;
Pureology;Hair;Trends, Product Knowledge, Haircolor, Hair Care, Cutting, Styling & Finish, Texture, Treatment;;https://instagram.com/pureologyus/;https://www.facebook.com/Pureology;;x;x;x
Pureology;Tools & Accessories;Trends, Product Knowledge, Tools & Accessories;;https://instagram.com/pureologyus/;https://www.facebook.com/Pureology;;x;x;x
Redken;Hair;Trends, Product Knowledge, Haircolor, Hair Care, Cutting, Styling & Finish, Texture, Treatment;https://twitter.com/redken5thave;https://instagram.com/redken5thave/;https://www.facebook.com/Redken;;x;https://www.youtube.com/user/Redken;x
Redken;Beauty;Trends, Product Knowledge, Makeup, Skincare, Waxing;https://twitter.com/redken5thave;https://instagram.com/redken5thave/;https://www.facebook.com/Redken;;x;https://www.youtube.com/user/Redken;x
Redken;Tools & Accessories;Trends, Product Knowledge, Tools & Accessories;https://twitter.com/redken5thave;https://instagram.com/redken5thave/;https://www.facebook.com/Redken;;x;https://www.youtube.com/user/Redken;x
Redken;Men;Trends, Product Knowledge, Men;;;;;;;
Reynolds;Tools & Accessories;Trends, Product Knowledge, Tools & Accessories;;;;;;;
Sam Villa;Tools & Accessories;Trends, Product Knowledge, Tools & Accessories;;;;;;;
Satin Smooth;Beauty;Trends, Product Knowledge, Makeup, Skincare, Waxing;;;;;;;
Sebastian;Hair;Trends, Product Knowledge, Haircolor, Hair Care, Cutting, Styling & Finish, Texture, Treatment;;;;;;;
Seche;Nails;Trends, Product Knowledge, Nails;;;;;;;
Sexy Hair;Hair;Trends, Product Knowledge, Haircolor, Hair Care, Cutting, Styling & Finish, Texture, Treatment;;;;;;;
Sexy Hair;Beauty;Trends, Product Knowledge, Makeup, Skincare, Waxing;;;;;;;
Sexy Hair;Tools & Accessories;Trends, Product Knowledge, Tools & Accessories;;;;;;;
Spilo;Nails;Trends, Product Knowledge, Nails;;;;;;;
Spilo;Tools & Accessories;Trends, Product Knowledge, Tools & Accessories;;;;;;;
Surface;Hair;Trends, Product Knowledge, Haircolor, Hair Care, Cutting, Styling & Finish, Texture, Treatment;;;;;;;
Surface;Beauty;Trends, Product Knowledge, Makeup, Skincare, Waxing;;;;;;;
Surface;Tools & Accessories;Trends, Product Knowledge, Tools & Accessories;;;;;;;
Surface;Men;Trends, Product Knowledge, Men;;;;;;;
The Lano Company;Beauty;Trends, Product Knowledge, Makeup, Skincare, Waxing;;;;;;;
The Lano Company;Tools & Accessories;Trends, Product Knowledge, Tools & Accessories;;;;;;;
The Wet Brush;Tools & Accessories;Trends, Product Knowledge, Tools & Accessories;;;;;;;
Tressa;Hair;Trends, Product Knowledge, Haircolor, Hair Care, Cutting, Styling & Finish, Texture, Treatment;;;;;;;
Tressa;Tools & Accessories;Trends, Product Knowledge, Tools & Accessories;;;;;;;
Ultra;Nails;Trends, Product Knowledge, Nails;;;;;;;
Ultra;Beauty;Trends, Product Knowledge, Makeup, Skincare, Waxing;;;;;;;
Ultra;Tools & Accessories;Trends, Product Knowledge, Tools & Accessories;;;;;;;
V.swish;Beauty;Trends, Product Knowledge, Makeup, Skincare, Waxing;;;;;;;
V.swish;Tools & Accessories;Trends, Product Knowledge, Tools & Accessories;;;;;;;
Wahl Clipper Corp.;Hair;Trends, Product Knowledge, Haircolor, Hair Care, Cutting, Styling & Finish, Texture, Treatment;;;;;;;
Wahl Clipper Corp.;Beauty;Trends, Product Knowledge, Makeup, Skincare, Waxing;;;;;;;
Wahl Clipper Corp.;Tools & Accessories;Trends, Product Knowledge, Tools & Accessories;;;;;;;
Wahl Clipper Corp.;Men;Trends, Product Knowledge, Men;;;;;;;
Wella Color Charm;Hair;Trends, Product Knowledge, Haircolor, Hair Care, Cutting, Styling & Finish, Texture, Treatment;;;;;;;
Young Nails;Nails;Trends, Product Knowledge, Nails;;;;;;;
Youngblood Mineral Cosmetics;Beauty;Trends, Product Knowledge, Makeup, Skincare, Waxing;;;;;;;
Youngblood Mineral Cosmetics;Tools & Accessories;Trends, Product Knowledge, Tools & Accessories;;;;;;;
Zotos;Tools & Accessories;Trends, Product Knowledge, Tools & Accessories;;;;;;;
